{"cameraMode":{"drawMode":0,"name":"Shaded","section":"Shading Mode"},"sceneLighting":false,"audioPlay":false,"sceneViewState":{"showFog":true,"showMaterialUpdate":false,"showSkybox":true,"showFlares":true,"showImageEffects":true,"showParticleSystems":true},"in2DMode":false,"pivot":{"x":45.34000015258789,"y":22.100000381469728,"z":109.31999969482422},"rotation":{"x":-0.2880608141422272,"y":0.7029209136962891,"z":-0.3879507780075073,"w":-0.5219362378120422},"size":3.389531135559082,"orthographic":false}