{"cameraMode":{"drawMode":0,"name":"Shaded","section":"Shading Mode"},"sceneLighting":false,"audioPlay":false,"sceneViewState":{"showFog":true,"showMaterialUpdate":false,"showSkybox":true,"showFlares":true,"showImageEffects":true,"showParticleSystems":true},"in2DMode":false,"pivot":{"x":-0.09020248055458069,"y":1.0754706859588624,"z":0.07902544736862183},"rotation":{"x":0.1040240153670311,"y":0.8613341450691223,"z":-0.1960584968328476,"w":0.4569941759109497},"size":4.94011926651001,"orthographic":false}