{"cameraMode":{"drawMode":0,"name":"Shaded","section":"Shading Mode"},"sceneLighting":false,"audioPlay":false,"sceneViewState":{"showFog":true,"showMaterialUpdate":false,"showSkybox":true,"showFlares":true,"showImageEffects":true,"showParticleSystems":true},"in2DMode":false,"pivot":{"x":-61.31804656982422,"y":-1.7468948364257813,"z":6.217620849609375},"rotation":{"x":0.01340941246598959,"y":0.9440804719924927,"z":-0.03853260725736618,"w":0.32718130946159365},"size":3.748584508895874,"orthographic":false}