{"cameraMode":{"drawMode":0,"name":"Shaded","section":"Shading Mode"},"sceneLighting":false,"audioPlay":false,"sceneViewState":{"showFog":true,"showMaterialUpdate":false,"showSkybox":true,"showFlares":true,"showImageEffects":true,"showParticleSystems":true},"in2DMode":false,"pivot":{"x":-0.0015709400177001954,"y":-0.046379804611206058,"z":-0.04210686683654785},"rotation":{"x":0.1040240153670311,"y":0.8613341450691223,"z":-0.1960584968328476,"w":0.4569941759109497},"size":11.720569610595704,"orthographic":false}